image_0.jpg,414,244,440,269,burger-menu
image_1.jpg,241,23,270,44,burger-menu
image_2.jpg,151,10,174,33,burger-menu
image_3.jpg,332,171,355,193,burger-menu
image_4.jpg,251,173,277,199,burger-menu
image_5.jpg,345,81,376,109,burger-menu
image_6.jpg,490,114,521,145,burger-menu
image_7.jpg,489,51,510,76,burger-menu
image_8.jpg,37,226,60,246,burger-menu
image_9.jpg,395,108,422,130,burger-menu
image_10.jpg,245,87,269,107,burger-menu
image_11.jpg,212,53,236,74,burger-menu
image_12.jpg,307,145,327,174,burger-menu
image_13.jpg,353,129,374,151,burger-menu
image_14.jpg,156,178,186,203,burger-menu
image_15.jpg,24,186,47,206,burger-menu
image_16.jpg,145,191,173,218,burger-menu
image_17.jpg,398,96,422,127,burger-menu
image_18.jpg,487,207,511,236,burger-menu
image_19.jpg,214,226,234,247,burger-menu
image_20.jpg,230,100,254,124,burger-menu
image_21.jpg,466,216,487,239,burger-menu
image_22.jpg,460,42,485,73,burger-menu
image_23.jpg,103,154,123,179,burger-menu
image_24.jpg,214,114,245,138,burger-menu
image_25.jpg,251,200,279,226,burger-menu
image_26.jpg,176,207,202,232,burger-menu
image_27.jpg,306,77,336,98,burger-menu
image_28.jpg,109,206,130,228,burger-menu
image_29.jpg,373,143,404,171,burger-menu
image_30.jpg,172,164,192,188,burger-menu
image_31.jpg,292,126,319,150,burger-menu
image_32.jpg,287,117,311,148,burger-menu
image_33.jpg,434,165,462,188,burger-menu
image_34.jpg,194,108,224,135,burger-menu
image_35.jpg,477,134,508,155,burger-menu
image_36.jpg,293,82,315,112,burger-menu
image_37.jpg,160,132,188,153,burger-menu
image_38.jpg,258,95,284,122,burger-menu
image_39.jpg,343,113,363,138,burger-menu
image_40.jpg,297,100,326,122,burger-menu
image_41.jpg,463,198,486,223,burger-menu
image_42.jpg,437,91,464,113,burger-menu
image_43.jpg,343,49,363,80,burger-menu
image_44.jpg,45,43,70,73,burger-menu
image_45.jpg,483,90,512,114,burger-menu
image_46.jpg,21,38,50,60,burger-menu
image_47.jpg,157,50,186,80,burger-menu
image_48.jpg,243,131,268,151,burger-menu
image_49.jpg,152,150,179,179,burger-menu
image_50.jpg,187,114,215,144,burger-menu
image_51.jpg,129,225,159,250,burger-menu
image_52.jpg,30,176,53,201,burger-menu
image_53.jpg,304,197,325,228,burger-menu
image_54.jpg,480,176,507,207,burger-menu
image_55.jpg,192,247,216,268,burger-menu
image_56.jpg,306,176,329,199,burger-menu
image_57.jpg,378,135,403,166,burger-menu
image_58.jpg,76,190,102,221,burger-menu
image_59.jpg,161,64,192,85,burger-menu
image_60.jpg,487,32,517,52,burger-menu
image_61.jpg,183,179,203,199,burger-menu
image_62.jpg,240,46,267,69,burger-menu
image_63.jpg,169,160,194,186,burger-menu
image_64.jpg,170,36,200,56,burger-menu
image_65.jpg,172,19,199,45,burger-menu
image_66.jpg,467,223,487,243,burger-menu
image_67.jpg,227,242,255,273,burger-menu
image_68.jpg,443,204,473,229,burger-menu
image_69.jpg,260,125,287,156,burger-menu
image_70.jpg,89,72,109,93,burger-menu
image_71.jpg,412,68,436,99,burger-menu
image_72.jpg,285,57,306,84,burger-menu
image_73.jpg,342,30,371,51,burger-menu
image_74.jpg,87,145,118,176,burger-menu
image_75.jpg,437,239,466,270,burger-menu
image_76.jpg,45,49,71,69,burger-menu
image_77.jpg,346,165,372,196,burger-menu
image_78.jpg,381,200,412,231,burger-menu
image_79.jpg,19,188,48,218,burger-menu
image_80.jpg,483,203,512,225,burger-menu
image_81.jpg,189,228,218,255,burger-menu
image_82.jpg,64,68,84,93,burger-menu
image_83.jpg,288,33,315,58,burger-menu
image_84.jpg,414,211,436,237,burger-menu
image_85.jpg,381,27,405,52,burger-menu
image_86.jpg,469,32,495,61,burger-menu
image_87.jpg,215,28,239,57,burger-menu
image_88.jpg,299,247,329,276,burger-menu
image_89.jpg,315,145,342,170,burger-menu
image_90.jpg,396,133,422,157,burger-menu
image_91.jpg,234,122,257,148,burger-menu
image_92.jpg,241,160,271,183,burger-menu
image_93.jpg,44,51,72,75,burger-menu
image_94.jpg,298,236,322,264,burger-menu
image_95.jpg,390,85,417,110,burger-menu
image_96.jpg,146,100,177,120,burger-menu
image_97.jpg,95,57,120,78,burger-menu
image_98.jpg,252,49,283,69,burger-menu
image_99.jpg,416,154,439,175,burger-menu
image_100.jpg,74,217,103,246,burger-menu
image_101.jpg,79,90,108,120,burger-menu
image_102.jpg,366,222,390,245,burger-menu
image_103.jpg,111,167,137,187,burger-menu
image_104.jpg,213,39,236,60,burger-menu
image_105.jpg,485,77,514,107,burger-menu
image_106.jpg,332,21,361,50,burger-menu
image_107.jpg,78,37,101,68,burger-menu
image_108.jpg,208,148,230,170,burger-menu
image_109.jpg,209,237,232,266,burger-menu
image_110.jpg,252,123,283,154,burger-menu
image_111.jpg,143,205,172,227,burger-menu
image_112.jpg,418,100,444,124,burger-menu
image_113.jpg,228,246,253,277,burger-menu
image_114.jpg,196,244,218,271,burger-menu
image_115.jpg,149,217,174,248,burger-menu
image_116.jpg,134,60,162,89,burger-menu
image_117.jpg,406,169,434,190,burger-menu
image_118.jpg,368,106,396,130,burger-menu
image_119.jpg,172,157,197,183,burger-menu
image_120.jpg,173,163,204,185,burger-menu
image_121.jpg,53,87,81,109,burger-menu
image_122.jpg,11,156,41,186,burger-menu
image_123.jpg,171,116,202,138,burger-menu
image_124.jpg,156,107,185,137,burger-menu
image_125.jpg,382,187,410,210,burger-menu
image_126.jpg,132,94,152,123,burger-menu
image_127.jpg,172,66,192,89,burger-menu
image_128.jpg,417,191,446,211,burger-menu
image_129.jpg,93,68,113,97,burger-menu
image_130.jpg,356,197,386,225,burger-menu
image_131.jpg,212,33,235,63,burger-menu
image_132.jpg,354,249,383,277,burger-menu
image_133.jpg,54,144,75,164,burger-menu
image_134.jpg,386,83,416,109,burger-menu
image_135.jpg,333,62,360,87,burger-menu
image_136.jpg,361,26,382,54,burger-menu
image_137.jpg,290,120,316,151,burger-menu
image_138.jpg,443,12,471,35,burger-menu
image_139.jpg,91,202,112,233,burger-menu
image_140.jpg,414,241,442,269,burger-menu
image_141.jpg,428,222,448,248,burger-menu
image_142.jpg,37,161,59,187,burger-menu
image_143.jpg,317,36,348,61,burger-menu
image_144.jpg,436,38,457,64,burger-menu
image_145.jpg,73,158,100,186,burger-menu
image_146.jpg,220,28,245,48,burger-menu
image_147.jpg,40,204,71,235,burger-menu
image_148.jpg,389,241,410,263,burger-menu
image_149.jpg,466,49,496,80,burger-menu
image_150.jpg,38,208,58,229,burger-menu
image_151.jpg,27,142,50,166,burger-menu
image_152.jpg,355,166,384,194,burger-menu
image_153.jpg,137,44,163,66,burger-menu
image_154.jpg,322,225,348,253,burger-menu
image_155.jpg,221,147,250,171,burger-menu
image_156.jpg,81,87,106,112,burger-menu
image_157.jpg,132,169,161,189,burger-menu
image_158.jpg,434,77,455,104,burger-menu
image_159.jpg,136,135,160,166,burger-menu
image_160.jpg,110,125,134,146,burger-menu
image_161.jpg,391,210,421,235,burger-menu
image_162.jpg,28,24,52,45,burger-menu
image_163.jpg,316,152,347,183,burger-menu
image_164.jpg,374,176,397,196,burger-menu
image_165.jpg,428,18,448,38,burger-menu
image_166.jpg,16,34,40,61,burger-menu
image_167.jpg,87,232,114,263,burger-menu
image_168.jpg,121,244,151,272,burger-menu
image_169.jpg,48,212,71,233,burger-menu
image_170.jpg,201,237,227,265,burger-menu
image_171.jpg,453,94,474,119,burger-menu
image_172.jpg,101,53,130,82,burger-menu
image_173.jpg,263,60,293,82,burger-menu
image_174.jpg,61,205,81,232,burger-menu
image_175.jpg,467,250,488,271,burger-menu
image_176.jpg,343,88,365,115,burger-menu
image_177.jpg,32,136,58,163,burger-menu
image_178.jpg,314,217,343,246,burger-menu
image_179.jpg,292,91,313,119,burger-menu
image_180.jpg,464,112,493,134,burger-menu
image_181.jpg,80,146,104,175,burger-menu
image_182.jpg,368,221,399,245,burger-menu
image_183.jpg,357,214,381,242,burger-menu
image_184.jpg,419,120,443,142,burger-menu
image_185.jpg,362,68,389,92,burger-menu
image_186.jpg,136,239,159,266,burger-menu
image_187.jpg,271,12,302,32,burger-menu
image_188.jpg,451,129,472,154,burger-menu
image_189.jpg,243,41,271,69,burger-menu
image_190.jpg,164,10,186,37,burger-menu
image_191.jpg,484,129,507,149,burger-menu
image_192.jpg,378,122,400,150,burger-menu
image_193.jpg,87,37,111,63,burger-menu
image_194.jpg,210,127,231,154,burger-menu
image_195.jpg,210,130,231,157,burger-menu
image_196.jpg,84,72,110,103,burger-menu
image_197.jpg,153,177,173,203,burger-menu
image_198.jpg,127,168,157,190,burger-menu
image_199.jpg,165,92,193,116,burger-menu
image_200.jpg,236,134,265,157,burger-menu
image_201.jpg,420,247,449,271,burger-menu
image_202.jpg,130,154,156,181,burger-menu
image_203.jpg,268,135,298,160,burger-menu
image_204.jpg,110,195,139,216,burger-menu
image_205.jpg,400,224,431,246,burger-menu
image_206.jpg,181,95,203,119,burger-menu
image_207.jpg,310,209,331,239,burger-menu
image_208.jpg,353,186,377,212,burger-menu
image_209.jpg,199,40,219,60,burger-menu
image_210.jpg,389,135,410,158,burger-menu
image_211.jpg,446,142,474,167,burger-menu
image_212.jpg,173,179,200,208,burger-menu
image_213.jpg,327,128,348,153,burger-menu
image_214.jpg,57,124,80,152,burger-menu
image_215.jpg,447,217,471,245,burger-menu
image_216.jpg,394,219,425,245,burger-menu
image_217.jpg,286,97,317,118,burger-menu
image_218.jpg,255,54,279,81,burger-menu
image_219.jpg,158,187,181,218,burger-menu
image_220.jpg,37,159,58,182,burger-menu
image_221.jpg,311,37,333,67,burger-menu
image_222.jpg,213,229,240,250,burger-menu
image_223.jpg,201,144,221,170,burger-menu
image_224.jpg,91,184,117,206,burger-menu
image_225.jpg,457,220,486,244,burger-menu
image_226.jpg,324,87,355,113,burger-menu
image_227.jpg,423,199,451,226,burger-menu
image_228.jpg,97,220,126,247,burger-menu
image_229.jpg,166,116,196,136,burger-menu
image_230.jpg,55,91,83,115,burger-menu
image_231.jpg,474,109,495,134,burger-menu
image_232.jpg,473,108,500,131,burger-menu
image_233.jpg,81,140,110,169,burger-menu
image_234.jpg,379,147,399,168,burger-menu
image_235.jpg,247,103,275,127,burger-menu
image_236.jpg,428,62,456,90,burger-menu
image_237.jpg,461,52,482,73,burger-menu
image_238.jpg,314,84,339,112,burger-menu
image_239.jpg,404,118,428,143,burger-menu
image_240.jpg,131,150,151,175,burger-menu
image_241.jpg,57,141,84,161,burger-menu
image_242.jpg,240,108,268,138,burger-menu
image_243.jpg,157,48,180,77,burger-menu
image_244.jpg,472,169,499,193,burger-menu
image_245.jpg,349,189,379,220,burger-menu
image_246.jpg,82,187,105,215,burger-menu
image_247.jpg,174,140,203,162,burger-menu
image_248.jpg,254,208,280,235,burger-menu
image_249.jpg,141,233,171,259,burger-menu
image_250.jpg,171,197,194,228,burger-menu
image_251.jpg,294,65,319,91,burger-menu
image_252.jpg,123,112,148,143,burger-menu
image_253.jpg,325,105,350,129,burger-menu
image_254.jpg,133,172,164,192,burger-menu
image_255.jpg,66,228,87,251,burger-menu
image_256.jpg,123,175,150,200,burger-menu
image_257.jpg,177,11,197,34,burger-menu
image_258.jpg,292,244,316,274,burger-menu
image_259.jpg,191,49,216,73,burger-menu
image_260.jpg,328,11,354,34,burger-menu
image_261.jpg,110,137,130,162,burger-menu
image_262.jpg,308,211,336,237,burger-menu
image_263.jpg,168,180,197,206,burger-menu
image_264.jpg,288,88,317,112,burger-menu
image_265.jpg,185,33,210,63,burger-menu
image_266.jpg,436,213,464,234,burger-menu
image_267.jpg,417,157,441,180,burger-menu
image_268.jpg,310,108,341,137,burger-menu
image_269.jpg,461,184,485,213,burger-menu
image_270.jpg,412,146,442,174,burger-menu
image_271.jpg,14,151,37,178,burger-menu
image_272.jpg,51,236,72,261,burger-menu
image_273.jpg,311,38,334,65,burger-menu
image_274.jpg,304,97,327,123,burger-menu
image_275.jpg,163,34,187,58,burger-menu
image_276.jpg,324,80,352,110,burger-menu
image_277.jpg,252,168,278,195,burger-menu
image_278.jpg,333,93,355,114,burger-menu
image_279.jpg,171,55,194,82,burger-menu
image_280.jpg,461,101,489,122,burger-menu
image_281.jpg,68,112,90,143,burger-menu
image_282.jpg,147,164,172,188,burger-menu
image_283.jpg,341,190,362,217,burger-menu
image_284.jpg,188,196,218,220,burger-menu
image_285.jpg,444,30,468,54,burger-menu
image_286.jpg,302,46,325,67,burger-menu
image_287.jpg,63,41,86,69,burger-menu
image_288.jpg,225,225,252,254,burger-menu
image_289.jpg,76,121,99,150,burger-menu
image_290.jpg,319,92,344,116,burger-menu
image_291.jpg,171,149,191,174,burger-menu
image_292.jpg,478,106,504,136,burger-menu
image_293.jpg,133,200,158,227,burger-menu
image_294.jpg,211,60,238,82,burger-menu
image_295.jpg,477,191,508,220,burger-menu
image_296.jpg,409,59,439,79,burger-menu
image_297.jpg,111,66,142,87,burger-menu
image_298.jpg,322,97,346,120,burger-menu
image_299.jpg,142,240,165,261,burger-menu
image_300.jpg,357,114,378,143,burger-menu
image_301.jpg,226,229,256,251,burger-menu
image_302.jpg,338,118,364,146,burger-menu
image_303.jpg,202,193,223,220,burger-menu
image_304.jpg,190,231,214,261,burger-menu
image_305.jpg,87,43,113,71,burger-menu
image_306.jpg,73,239,102,261,burger-menu
image_307.jpg,82,21,110,51,burger-menu
image_308.jpg,301,210,324,240,burger-menu
image_309.jpg,361,239,389,269,burger-menu
image_310.jpg,130,28,154,58,burger-menu
image_311.jpg,355,17,376,37,burger-menu
image_312.jpg,403,248,427,279,burger-menu
image_313.jpg,174,15,202,42,burger-menu
image_314.jpg,103,42,134,73,burger-menu
image_315.jpg,440,50,466,70,burger-menu
image_316.jpg,174,40,204,65,burger-menu
image_317.jpg,174,179,198,206,burger-menu
image_318.jpg,246,12,273,40,burger-menu
image_319.jpg,80,179,101,208,burger-menu
image_320.jpg,69,41,99,62,burger-menu
image_321.jpg,78,232,101,256,burger-menu
image_322.jpg,99,121,129,143,burger-menu
image_323.jpg,303,38,331,62,burger-menu
image_324.jpg,234,86,255,106,burger-menu
image_325.jpg,15,138,45,165,burger-menu
image_326.jpg,391,231,418,252,burger-menu
image_327.jpg,272,82,292,113,burger-menu
image_328.jpg,11,142,33,167,burger-menu
image_329.jpg,81,153,104,178,burger-menu
image_330.jpg,273,170,293,192,burger-menu
image_331.jpg,458,182,485,203,burger-menu
image_332.jpg,44,230,70,261,burger-menu
image_333.jpg,142,94,170,125,burger-menu
image_334.jpg,464,129,488,149,burger-menu
image_335.jpg,461,164,492,192,burger-menu
image_336.jpg,449,219,473,241,burger-menu
image_337.jpg,378,12,398,33,burger-menu
image_338.jpg,325,215,346,241,burger-menu
image_339.jpg,380,163,404,189,burger-menu
image_340.jpg,226,233,257,261,burger-menu
image_341.jpg,26,71,53,102,burger-menu
image_342.jpg,400,116,421,136,burger-menu
image_343.jpg,145,55,172,81,burger-menu
image_344.jpg,38,55,58,76,burger-menu
image_345.jpg,62,199,87,219,burger-menu
image_346.jpg,417,17,443,38,burger-menu
image_347.jpg,172,48,201,71,burger-menu
image_348.jpg,453,200,481,229,burger-menu
image_349.jpg,453,114,477,137,burger-menu
